{"last_tab":"","site_preloader":"1","appku_header_full_width":"","navbar":{"background-color":""},"navbar_link":"#828282","appku_header_sticky":"","navbar_button":"1","navbar_button_text":"Free Trail","navbar_button_url":"#","primary_color":"#2775ff","appku_heading_typography":{"font-family":"Nunito","font-options":"","google":"1","font-backup":"","font-weight":"800","font-style":"","subsets":"","text-align":"","font-size":"","line-height":"","color":"#333333"},"appku_typography":{"font-family":"Poppins","font-options":"","google":"1","font-backup":"","font-weight":"400","font-style":"","subsets":"","text-align":"","font-size":"14px","line-height":"28px","color":"#656565"},"blog_breadcrumb_title":"Latest Blog","appku_excerpt_length":"32","social_share":"1","appku_blog_details_post_navigation":"1","related_posts":"1","related_post_title":"Related Post","footer_widget_menu":"1","appku_copyright_info":"<p>Copyright \u00a9 2019 appku All Rights Reserved.<\/p>","appku_error_title":"Oops! That page can\u2019t be found.","appku_error_text":"It looks like nothing was found at this location. Maybe try one of the links below or a search?","redux-backup":"1"}